{
  "version": 1,
  "author": "Anonymous maker",
  "editor": "wokwi",
  "parts": [
    { "type": "board-esp32-devkit-c-v4", "id": "esp", "top": 0, "left": -14.36, "attrs": {} },
    {
      "type": "wokwi-hc-sr04",
      "id": "ultrasonic1",
      "top": 44.9,
      "left": -257.3,
      "rotate": 270,
      "attrs": {}
    },
    {
      "type": "wokwi-relay-module",
      "id": "relay1",
      "top": 179,
      "left": 166,
      "rotate": 90,
      "attrs": {}
    },
    { "type": "wokwi-buzzer", "id": "bz1", "top": -36, "left": 165, "attrs": { "volume": "0.1" } },
    {
      "type": "wokwi-led",
      "id": "led1",
      "top": 303.6,
      "left": 138.2,
      "attrs": { "color": "red" }
    }
  ],
  "connections": [
    [ "esp:TX", "$serialMonitor:RX", "", [] ],
    [ "esp:RX", "$serialMonitor:TX", "", [] ],
    [ "esp:3V3", "ultrasonic1:VCC", "green", [ "h-38.25", "v76.8", "h-9.6" ] ],
    [ "esp:GND.3", "ultrasonic1:GND", "black", [ "h38.4", "v-105.6", "h-249.6", "v19.2" ] ],
    [ "esp:5V", "ultrasonic1:TRIG", "red", [ "h-9.45", "v-86.4" ] ],
    [ "esp:18", "ultrasonic1:ECHO", "green", [ "h38.4", "v144", "h-201.6", "v-172.8" ] ],
    [ "esp:5V", "relay1:VCC", "red", [ "h-38.25", "v67.2", "h201.6", "v-144", "h9.6" ] ],
    [ "relay1:GND", "esp:GND.3", "black", [ "v-38.4", "h-95.6", "v-19.2" ] ],
    [ "esp:19", "relay1:IN", "green", [ "h0" ] ],
    [ "relay1:COM", "led1:A", "green", [ "v0" ] ],
    [ "led1:C", "esp:GND.3", "black", [ "v19.2", "h-57.2", "v-288", "h9.6" ] ],
    [ "bz1:2", "esp:23", "green", [ "v0" ] ],
    [ "bz1:1", "esp:GND.3", "black", [ "v0" ] ]
  ],
  "dependencies": {}
}